Measure,Chief?
HB2133,Regular
HB2134,Regular
SB232,Regular
HB2541,Regular
HB2543,Chief
HB2573,Regular
HB2586,Chief
SB444,Regular
SB458,Chief
SB467,Regular
HB2669,Regular
HB2671,Chief
HB2678,Chief
HB2694,Regular
HB2695,Regular
HB2745,Regular
HB2791,Regular
HB2799,Regular
SB477,Regular
SB531,Regular
SB547,Regular
SB549,Regular
SB550,Regular
SB572,Regular
SB594,Chief
SB595,Chief
SB596,Chief
SB597,Chief
SB598,Chief
SB599,Chief
SB600,Chief
SB601,Chief
SB602,Chief
SB603,Chief
SB604,Chief
SB605,Chief
SB606,Chief
SB607,Chief
SB608,Chief
SB609,Chief
SB610,Chief
SB611,Chief
HB2950,Regular
HB2958,Chief
HB2959,Chief
SJR28,Regular
SJR29,Regular
HB2966,Regular
HB2976,Regular
HB2979,Regular
HB2980,Regular
HB2982,Regular
HB2991,Regular
HB2992,Regular
HB3009,Regular
HB3011,Regular
HB3012,Regular
HB3054,Chief
HB3081,Regular
HB3118,Regular
HB3167,Regular
HB3177,Regular
SB680,Regular
SB682,Chief
SB685,Regular
SB686,Regular
SB722,Chief
SB741,Regular
HB3178,Regular
HB3182,Chief
HB3185,Regular
HB3187,Regular
HB3192,Regular
HB3219,Regular
HB3232,Regular
HJM6,Regular
SCR10,Regular
SCR11,Regular
SJM2,Regular
SJM8,Regular
SB916,Chief
HB3434,Chief
SB951,Chief
SB973,Regular
SB478,Regular
SB20,Regular
SB1060,Chief
HB3652,Chief
SCR15,Regular
